UserId;nome;cognome;email
1;Anthea;Cellacchi;acellacchi@gmail.com
2;Pippo;Grigi;pippo.grigi@gmail.com
3;Pluto;Celeste;pluto.celeste@gmail.com
4;Paperino;Bianchi;paperino.bianchi@gmail.com
5;Francesco;Rossi;francesco.rossi@gmail.com
6;Prova;Bianchi;prova.bianchi@gmail.com
7;Emiliano;Giallo;emiliano.giallo@gmail.com
